rank,station_id,station_name,latitude,longitude,elevation,window_start,window_end,expected_hours,complete_hours,missing_hours,temp_pct,rhum_pct,pres_pct,complete_pct,buddy_count_100km,buddy_station_ids,buddy_distances_km
1,43003,Bombay / Santacruz,19.1167,72.85,8,2020-01-01,2024-12-31,43848,43848,0,100.0,100.0,100.0,100.0,5,43002;43057;43058;43005;43001,1.755;24.349;53.780;89.371;95.542
2,43057,Bombay / Colaba,18.9,72.8167,10,2020-01-01,2024-12-31,43848,43848,0,100.0,100.0,100.0,100.0,4,43002;43003;43058;43005,24.159;24.349;30.119;90.241
3,42182,New Delhi / Safdarjung,28.5833,77.2,211,2020-01-01,2024-12-31,43848,43848,0,100.0,100.0,100.0,100.0,2,42181;42139,8.341;64.071
4,43371,Thiruvananthapuram,8.4833,76.95,60,2020-01-01,2024-12-31,43848,43848,0,100.0,100.0,100.0,100.0,4,43372;43354;43377;43376,1.846;57.571;75.106;92.242
5,42809,Calcutta / Dum Dum,22.65,88.45,4,2020-01-01,2024-12-31,43848,43847,1,100.0,99.998,100.0,99.998,4,42807;42812;42811;42711,17.661;49.742;57.909;83.675
6,43372,Thiruvananthapuram,8.4667,76.95,4,2020-01-01,2024-12-31,43848,43847,1,100.0,99.998,100.0,99.998,4,43371;43354;43377;43376,1.846;59.413;74.029;92.817
7,43279,Madras / Minambakkam,13.0,80.1833,10,2020-01-01,2024-12-31,43848,43847,1,100.0,99.998,100.0,99.998,3,43278;43275;VOTP0,10.355;98.540;98.702
8,42181,New Delhi / Palam,28.5667,77.1167,220,2020-01-01,2024-12-31,43848,43846,2,100.0,99.995,100.0,99.995,2,42182;42139,8.341;70.979
9,42369,Lucknow / Amausi,26.75,80.8833,122,2020-01-01,2024-12-31,43848,43731,117,99.856,99.852,99.74,99.733,3,42367;42372;42271,61.844;73.519;99.968
10,43344,Tiruchchirapalli,10.7667,78.7167,85,2020-01-01,2024-12-31,43848,43537,311,99.897,99.897,99.291,99.291,2,43342;43348,72.110;87.364
11,42492,Patna,25.6,85.1,51,2020-01-01,2024-12-31,43848,43516,332,99.834,99.829,99.247,99.243,2,42488;42591,42.019;95.714
12,42971,Bhubaneswar,20.25,85.8333,45,2020-01-01,2024-12-31,43848,43429,419,99.715,99.704,99.056,99.044,3,42970;43053;42976,26.254;50.068;88.834
13,43194,Goa / Dabolim Airport,15.3833,73.8167,42,2020-01-01,2024-12-31,43848,43354,494,99.293,99.293,98.873,98.873,4,43196;43192;43225;43197,5.159;11.120;74.877;92.640
14,VOBL0,Bangalore / Bengaluru / Devenahalli / BIAL 2 Wheeler Parking,13.1979,77.7063,897,2020-01-01,2024-12-31,43848,43162,686,99.929,99.929,98.44,98.436,2,43296;43271,28.677;93.615
15,VOCI0,Cochin / K?ladi,10.152,76.4019,9,2020-01-01,2024-12-31,43848,43094,754,98.28,98.28,98.283,98.28,5,43353;43357;43355;43335;43356,26.901;45.332;64.475;73.539;81.838
16,VOVZ0,Vizagapatam / Gajuwaka,17.7167,83.2333,5,2020-01-01,2024-12-31,43848,43069,779,99.327,99.302,98.251,98.223,2,43150;43147,7.305;83.136
17,43128,Hyderabad Airport,17.45,78.4667,530,2020-01-01,2024-12-31,43848,42945,903,97.982,97.982,97.941,97.941,2,VOHS0;43083,23.627;69.998
18,VOHS0,Hyderabad / Anthredigudam,17.2406,78.4289,617,2020-01-01,2024-12-31,43848,42838,1010,99.09,99.09,97.701,97.697,2,43128;43083,23.627;91.628
19,42410,Gauhati,26.1,91.5833,47,2020-01-01,2024-12-31,43848,42692,1156,97.89,97.847,97.412,97.364,3,42408;42414;42407,37.211;93.827;95.281
20,VOCL0,Calicut / Kondotti,11.1368,75.9553,104,2020-01-01,2024-12-31,43848,42329,1519,97.954,97.954,96.536,96.536,3,43314;43357;43335,22.593;74.629;86.286
21,42314,Dibrugarh / Mohanbari,27.4833,95.0167,110,2020-01-01,2024-12-31,43848,40765,3083,93.268,93.265,92.973,92.969,2,42220;42309,77.478;93.128
22,VOTP0,Tirupati / Renigunta,13.6325,79.5433,107,2020-01-01,2024-12-31,43848,39906,3942,91.01,91.01,91.012,91.01,4,43275;43303;43279;43278,5.757;90.260;98.702;99.015
23,VORY0,Rajahmundry / R?j?nagaram,17.1104,81.8182,46,2020-01-01,2024-12-31,43848,39741,4107,90.634,90.634,90.634,90.634,2,43189;43147,47.601;82.160
24,VASU0,Surat / Magdala,21.1141,72.7418,5,2020-01-01,2024-12-31,43848,39727,4121,90.604,90.604,90.736,90.602,3,42840;42838;42837,13.464;90.248;99.494
25,VAUD0,Udaipur / Naramagra,24.6177,73.8961,513,2020-01-01,2024-12-31,43848,39377,4471,90.437,90.428,89.819,89.803,2,42546;42441,80.087;96.985
26,43002,Bombay / Juhu,19.1167,72.8333,4,2020-01-01,2024-12-31,43848,38701,5147,88.266,88.264,88.271,88.262,5,43003;43057;43058;43005;43001,1.755;24.159;53.866;87.618;95.302
27,42737,Rajkot,22.3,70.7833,134,2020-01-01,2024-12-31,43848,38593,5255,88.273,88.266,88.027,88.015,2,42740;42639,96.741;97.155
28,42675,Jabalpur,23.2,79.95,391,2020-01-01,2024-12-31,43848,38262,5586,87.596,87.596,87.261,87.261,2,42776;42674,80.774;86.936
29,42895,Balasore,21.5167,86.9333,18,2020-01-01,2024-12-31,43848,37811,6037,86.234,86.234,86.232,86.232,3,42894;42973;42900,49.417;84.147;89.461
30,42933,Akola,20.7,77.0333,280,2020-01-01,2024-12-31,43848,37806,6042,86.23,86.225,86.225,86.221,3,42935;42937;42931,65.692;82.156;85.297
31,42730,Okha,22.4833,69.1167,5,2020-01-01,2024-12-31,43848,37805,6043,86.239,86.227,86.23,86.218,2,42731;42631,13.412;89.525
32,42731,Dwarka,22.3667,69.0833,10,2020-01-01,2024-12-31,43848,37804,6044,86.225,86.218,86.227,86.216,2,42730;42830,13.412;99.841
33,42840,Surat,21.2,72.8333,10,2020-01-01,2024-12-31,43848,37802,6046,86.225,86.221,86.216,86.211,2,VASU0;42838,13.464;89.635
34,42634,Bhuj-Rudramata,23.25,69.6667,78,2020-01-01,2024-12-31,43848,37802,6046,86.239,86.227,86.225,86.211,3,42638;42639;42631,47.317;62.738;83.438
35,43053,Puri,19.8,85.8167,5,2020-01-01,2024-12-31,43848,37801,6047,86.214,86.209,86.216,86.209,2,42971;42970,50.068;75.127
36,42101,Patiala,30.3333,76.4667,249,2020-01-01,2024-12-31,43848,37797,6051,86.214,86.207,86.214,86.2,4,42103;42105;42099;42137,29.316;59.752;78.257;89.078
37,42973,Chandbali,20.7833,86.7333,5,2020-01-01,2024-12-31,43848,37797,6051,86.209,86.205,86.205,86.2,3,42976;42895;42970,53.992;84.147;90.391
38,43189,Kakinada,16.95,82.2333,2,2020-01-01,2024-12-31,43848,37796,6052,86.2,86.2,86.198,86.198,2,VORY0;43147,47.601;55.773
39,43192,Goa / Panjim,15.4833,73.8167,58,2020-01-01,2024-12-31,43848,37794,6054,86.193,86.193,86.193,86.193,5,43196;43194;43225;43197;43198,8.225;11.120;84.932;86.884;94.862
40,42874,Pbo Raipur,21.2167,81.6667,294,2020-01-01,2024-12-31,43848,37794,6054,86.221,86.214,86.198,86.193,2,42872;42948,2.531;66.952
41,42631,Naliya,23.25,68.85,20,2020-01-01,2024-12-31,43848,37794,6054,86.225,86.202,86.216,86.193,2,42634;42730,83.438;89.525
42,43333,Port Blair,11.6667,92.7167,73,2020-01-01,2024-12-31,43848,37789,6059,86.182,86.182,86.182,86.182,2,VOPB0;43310,3.169;86.659
43,42559,Guna,24.65,77.3167,477,2020-01-01,2024-12-31,43848,37786,6062,86.218,86.214,86.202,86.175,2,42459;42557,83.074;94.445
44,43110,Ratnagiri,16.9833,73.3333,75,2020-01-01,2024-12-31,43848,37784,6064,86.175,86.175,86.173,86.17,2,43109;43113,95.919;96.490
45,43346,Karaikal,10.9167,79.8333,7,2020-01-01,2024-12-31,43848,37782,6066,86.168,86.166,86.173,86.166,4,43347;43207;43348;43329,16.779;65.266;81.406;94.794
46,43198,Belgaum / Sambra,15.85,74.6167,758,2020-01-01,2024-12-31,43848,37782,6066,86.173,86.173,86.168,86.166,3,43197;43200;43192,8.921;56.596;94.862
47,43243,Kavali,14.9,79.9833,17,2020-01-01,2024-12-31,43848,37782,6066,86.17,86.168,86.17,86.166,2,43245;43221,50.038;67.574
48,43311,Amini Divi,11.1167,72.7333,3,2020-01-01,2024-12-31,43848,37781,6067,86.177,86.168,86.18,86.164,2,43266;VOAT0,41.550;69.011
49,43329,Cuddalore,11.7667,79.7667,5,2020-01-01,2024-12-31,43848,37777,6071,86.173,86.168,86.159,86.154,4,43331;VOPC0;43207;43346,22.895;22.953;29.656;94.794
50,43331,M.O. Pondicherry / Puducherry,11.9667,79.8167,38,2020-01-01,2024-12-31,43848,37763,6085,86.125,86.125,86.134,86.123,3,VOPC0;43329;43207,0.752;22.895;52.179
51,42111,Dehradun,30.3167,78.0333,683,2020-01-01,2024-12-31,43848,37762,6086,86.168,86.152,86.138,86.12,2,VIDN0;42143,19.970;84.825
52,42170,Churu,28.25,74.9167,290,2020-01-01,2024-12-31,43848,37759,6089,86.116,86.116,86.127,86.113,2,42174;42249,65.922;73.564
53,42103,Ambala,30.3833,76.7667,271,2020-01-01,2024-12-31,43848,37747,6101,86.113,86.111,86.088,86.086,6,42101;42105;42137;VISM0;42099;42080,29.316;40.488;80.196;82.837;96.168;96.845
54,42189,Bareilly,28.3667,79.4,167,2020-01-01,2024-12-31,43848,37743,6105,86.102,86.095,86.084,86.077,2,42266;42148,72.756;74.408
55,43348,Atiramapattinam,10.3333,79.3833,4,2020-01-01,2024-12-31,43848,37741,6107,86.093,86.075,86.097,86.072,4,43347;43361;43346;43344,70.180;76.940;81.406;87.364
56,42807,Calcutta / Alipore,22.5333,88.3333,5,2020-01-01,2024-12-31,43848,37741,6107,86.097,86.093,86.097,86.072,4,42809;42811;42812;42711,17.661;41.262;46.554;98.185
57,43377,Kanniyakumari,8.0833,77.5,36,2020-01-01,2024-12-31,43848,37736,6112,86.068,86.068,86.075,86.061,3,43372;43371;43376,74.029;75.106;77.332
58,43361,Tondi,9.7333,79.0333,4,2020-01-01,2024-12-31,43848,37734,6114,86.072,86.065,86.072,86.056,2,43363;43348,59.560;76.940
59,42811,Diamond Harbour,22.1833,88.2,4,2020-01-01,2024-12-31,43848,37731,6117,86.063,86.052,86.061,86.05,4,42807;42812;42809;42900,41.262;48.611;57.909;64.275
60,43147,Tuni,17.35,82.55,35,2020-01-01,2024-12-31,43848,37724,6124,86.038,86.036,86.043,86.034,4,43189;VORY0;VOVZ0;43150,55.773;82.160;83.136;88.538
61,42463,Jhansi,25.45,78.5833,250,2020-01-01,2024-12-31,43848,37693,6155,85.979,85.977,85.97,85.963,4,42562;42361;42459;42467,80.041;93.267;94.647;97.021
62,43314,Kozhikode,11.25,75.7833,4,2020-01-01,2024-12-31,43848,37692,6156,85.972,85.963,85.979,85.961,3,VOCL0;43315;43357,22.593;81.304;94.278
63,43353,Cochin / Willingdon,9.95,76.2667,1,2020-01-01,2024-12-31,43848,37687,6161,85.979,85.967,85.988,85.949,4,VOCI0;43355;43357;43356,26.901;49.124;63.251;95.068
64,43157,Kolhapur,16.7,74.2333,569,2020-01-01,2024-12-31,43848,37644,6204,86.038,86.038,85.851,85.851,3,43158;43113;43197,42.454;92.879;99.793
65,43245,Nellore,14.45,79.9833,19,2020-01-01,2024-12-31,43848,37643,6205,85.849,85.849,85.849,85.849,2,43243;43275,50.038;97.200
66,43226,Honavar,14.2833,74.45,8,2020-01-01,2024-12-31,43848,37608,6240,85.787,85.778,85.819,85.769,2,43229;43225,25.705;65.216
67,43347,Nagappattinam,10.7667,79.85,2,2020-01-01,2024-12-31,43848,37463,6385,85.447,85.438,85.461,85.438,3,43346;43348;43207,16.779;70.180;82.044
68,43081,Nizamabad,18.6667,78.1,379,2020-01-01,2024-12-31,43848,37323,6525,85.119,85.119,85.119,85.119,2,43083;43021,70.795;93.023
69,VOAT0,Agatti / Kavaratti,10.8237,72.176,4,2020-01-01,2024-12-31,43848,37140,6708,84.709,84.709,84.706,84.702,2,43266;43311,31.882;69.011
70,43278,Madras,13.0667,80.25,6,2020-01-01,2024-12-31,43848,37018,6830,84.437,84.433,84.437,84.423,3,43279;43275;VOTP0,10.355;98.251;99.015
71,42976,Paradip C. W. R.,20.3,86.6833,4,2020-01-01,2024-12-31,43848,36906,6942,84.175,84.173,84.17,84.168,3,42973;42970;42971,53.992;80.342;88.834
72,43001,Dahanu,19.9667,72.7167,4,2020-01-01,2024-12-31,43848,36671,7177,83.641,83.632,83.641,83.632,2,43002;43003,95.302;95.542
73,42105,Chandigarh / S?rajpur,30.7333,76.8833,347,2020-01-01,2024-12-31,43848,36671,7177,83.641,83.641,83.632,83.632,5,42103;VISM0;42101;42080;42099,40.488;42.570;59.752;61.052;91.941
74,43275,Tirupathi,13.6667,79.5833,110,2020-01-01,2024-12-31,43848,36650,7198,83.584,83.584,83.584,83.584,5,VOTP0;43303;43245;43278;43279,5.757;95.674;97.200;98.251;98.540
75,42567,Khajuraho,24.9833,79.9167,217,2020-01-01,2024-12-31,43848,36334,7514,82.866,82.866,82.864,82.864,2,42467;42473,47.929;70.273
76,42812,Canning,22.25,88.6667,3,2020-01-01,2024-12-31,43848,36329,7519,82.852,82.852,82.852,82.852,3,42807;42811;42809,46.554;48.611;49.742
77,42099,Ludhiana,30.8667,75.9333,255,2020-01-01,2024-12-31,43848,36315,7533,82.82,82.82,82.82,82.82,4,42101;42080;42105;42103,78.257;81.834;91.941;96.168
78,42148,Pantnagar,29.0333,79.4667,233,2020-01-01,2024-12-31,43848,36315,7533,82.838,82.838,82.82,82.82,2,42146;42189,40.775;74.408
79,VIDN0,Dehradun / R?ni Pokhri,30.1897,78.1803,558,2020-01-01,2024-12-31,43848,36314,7534,82.825,82.825,82.832,82.818,2,42111;42143,19.970;66.652
80,43303,Vellore,12.9167,79.15,213,2020-01-01,2024-12-31,43848,36298,7550,82.781,82.781,82.781,82.781,4,43302;VOTP0;43275;43271,79.536;90.260;95.674;98.241
81,42372,Fursatganj / R?e Bareli,26.25,81.3667,107,2020-01-01,2024-12-31,43848,36293,7555,83.046,83.044,82.772,82.77,3,42369;42475;42367,73.519;96.223;97.777
82,43225,Karwar,14.7833,74.1333,3,2020-01-01,2024-12-31,43848,36287,7561,82.772,82.772,82.756,82.756,5,43226;43194;43196;43192;43229,65.216;74.877;79.827;84.932;90.580
83,42139,Meerut,29.0167,77.6333,221,2020-01-01,2024-12-31,43848,36281,7567,82.747,82.743,82.747,82.743,4,42182;42181;42137;42143,64.071;70.979;95.677;98.684
84,43109,Harnai,17.8167,73.1,17,2020-01-01,2024-12-31,43848,36255,7593,82.69,82.688,82.697,82.683,2,43058;43110,94.086;95.919
85,42838,Bhaunagar,21.75,72.2,5,2020-01-01,2024-12-31,43848,36252,7596,82.875,82.875,82.677,82.677,3,42837;42840;VASU0,85.770;89.635;90.248
86,42931,Buldana,20.5333,76.2333,648,2020-01-01,2024-12-31,43848,36252,7596,82.683,82.681,82.681,82.677,2,42933;42851,85.297;90.016
87,42939,Wardha,20.6667,78.5833,282,2020-01-01,2024-12-31,43848,36249,7599,82.683,82.674,82.683,82.67,2,42867;42937,68.354;88.284
88,42937,Amraoti,20.9333,77.7833,367,2020-01-01,2024-12-31,43848,36200,7648,82.567,82.562,82.56,82.558,2,42933;42939,82.156;88.284
89,43325,Salem,11.65,78.1667,279,2020-01-01,2024-12-31,43848,35995,7853,82.093,82.093,82.093,82.09,2,43301;43342,55.666;78.366
90,43005,T.B.I.A,19.15,72.0,13,2020-01-01,2024-12-31,43848,35988,7860,82.118,82.106,82.09,82.074,3,43002;43003;43057,87.618;89.371;90.241
91,42618,Kailashahar,24.3167,92.0,27,2020-01-01,2024-12-31,43848,35894,7954,82.914,82.911,81.86,81.86,2,VELP0;42724,82.222;90.098
92,42080,Bilaspur,31.25,76.6667,589,2020-01-01,2024-12-31,43848,35707,8141,82.848,82.845,81.434,81.434,4,VISM0;42105;42099;42103,42.517;61.052;81.834;96.845
93,42638,Kandla Aerodrome,23.15,70.1167,29,2020-01-01,2024-12-31,43848,35607,8241,81.208,81.206,81.208,81.206,2,42639;42634,19.566;47.317
94,42639,New Kandla,23.0,70.2167,10,2020-01-01,2024-12-31,43848,35599,8249,81.187,81.187,81.187,81.187,3,42638;42634;42737,19.566;62.738;97.155
95,42662,Ujjain,23.1833,75.7833,488,2020-01-01,2024-12-31,43848,35596,8252,81.192,81.187,81.187,81.18,2,42754;42661,51.912;76.372
96,42467,Nowgong,25.0667,79.45,226,2020-01-01,2024-12-31,43848,35594,8254,81.18,81.178,81.178,81.176,3,42567;42562;42463,47.929;70.573;97.021
97,42914,Diu,20.7167,70.9167,10,2020-01-01,2024-12-31,43848,35593,8255,81.393,81.393,81.174,81.174,2,42909;42837,60.693;98.821
98,42872,Mana / Raipur,21.2333,81.65,313,2020-01-01,2024-12-31,43848,35592,8256,81.174,81.171,81.174,81.171,2,42874;42948,2.531;65.643
99,42837,Mahuva,21.0833,71.7833,8,2020-01-01,2024-12-31,43848,35588,8260,81.164,81.162,81.164,81.162,3,42838;42914;VASU0,85.770;98.821;99.494
100,42674,Damoh,23.8333,79.45,369,2020-01-01,2024-12-31,43848,35586,8262,81.158,81.158,81.158,81.158,2,42671;42675,71.219;86.936
101,42523,Lumding,25.75,93.1833,147,2020-01-01,2024-12-31,43848,35576,8272,81.135,81.135,81.135,81.135,3,VEMR0;42522;42414,60.481;66.982;83.331
102,43310,Long Island,12.4167,92.9333,12,2020-01-01,2024-12-31,43848,35574,8274,81.133,81.133,81.13,81.13,3,43309;43333;VOPB0,55.627;86.659;89.029
103,43301,Dharmapuri,12.1333,78.0333,396,2020-01-01,2024-12-31,43848,35567,8281,81.114,81.114,81.114,81.114,2,43325;43302,55.666;69.804
104,43083,Medak,18.05,78.2667,472,2020-01-01,2024-12-31,43848,35565,8283,81.11,81.11,81.112,81.11,3,43128;43081;VOHS0,69.998;70.795;91.628
105,43196,Mormugao,15.4167,73.7833,61,2020-01-01,2024-12-31,43848,35562,8286,81.105,81.105,81.107,81.103,4,43194;43192;43225;43197,5.159;8.225;79.827;93.655
106,42473,Banda,25.4667,80.3667,120,2020-01-01,2024-12-31,43848,35560,8288,81.103,81.098,81.105,81.098,2,42469;42567,57.960;70.273
107,42367,Kanpur / Chakeri,26.4,80.4,123,2020-01-01,2024-12-31,43848,35557,8291,81.096,81.094,81.094,81.091,3,42469;42369;42372,55.912;61.844;97.777
108,43302,Tiruppattur,12.4833,78.5667,385,2020-01-01,2024-12-31,43848,35554,8294,81.085,81.085,81.085,81.085,2,43301;43303,69.804;79.536
109,42469,Hamirpur,25.95,80.15,109,2020-01-01,2024-12-31,43848,35554,8294,81.089,81.085,81.089,81.085,3,42367;42473;42468,55.912;57.960;65.086
110,42143,Najibabad,29.6167,78.3833,269,2020-01-01,2024-12-31,43848,35553,8295,81.082,81.082,81.082,81.082,3,VIDN0;42111;42139,66.652;84.825;98.684
111,42266,Shahjahanpur,27.8833,79.9,155,2020-01-01,2024-12-31,43848,35552,8296,81.082,81.08,81.085,81.08,2,42271;42189,61.493;72.756
112,42271,Hardoi,27.3833,80.1667,141,2020-01-01,2024-12-31,43848,35549,8299,81.087,81.078,81.082,81.073,2,42266;42369,61.493;99.968
113,43266,M.O. Agathi Airport / Kavaratti,10.85,72.4667,3,2020-01-01,2024-12-31,43848,35547,8301,81.069,81.069,81.071,81.069,2,VOAT0;43311,31.882;41.550
114,43335,Palakkad,10.7667,76.65,95,2020-01-01,2024-12-31,43848,35541,8307,81.055,81.055,81.055,81.055,4,43321;43357;VOCI0;VOCL0,52.786;54.909;73.539;86.286
115,43113,Satara,17.5167,74.05,610,2020-01-01,2024-12-31,43848,35540,8308,81.055,81.055,81.055,81.053,4,43069;43157;43158;43110,90.253;92.879;94.390;96.490
116,42522,Haflong,25.1667,93.0167,680,2020-01-01,2024-12-31,43848,35535,8313,81.041,81.041,81.041,81.041,2,42523;42623,66.982;99.531
117,43342,K. Paramathy,10.95,78.0833,182,2020-01-01,2024-12-31,43848,35531,8317,81.032,81.032,81.032,81.032,2,43344;43325,72.110;78.366
118,42249,Sikar,27.6167,75.1333,431,2020-01-01,2024-12-31,43848,35522,8326,81.023,81.019,81.023,81.012,2,42170;42174,73.564;91.116
119,43229,Shirali,14.0667,74.5333,45,2020-01-01,2024-12-31,43848,35520,8328,81.019,81.016,81.012,81.007,2,43226;43225,25.705;90.580
120,43197,Belgaum,15.85,74.5333,751,2020-01-01,2024-12-31,43848,35516,8332,81.012,81.009,81.0,80.998,6,43198;43200;43192;43194;43196;43157,8.921;63.117;86.884;92.640;93.655;99.793
121,43354,Punalur,9.0,76.9167,33,2020-01-01,2024-12-31,43848,35514,8334,80.993,80.993,80.996,80.993,4,43371;43372;43355;43376,57.571;59.413;78.317;96.235
122,43355,Kottayam,9.5833,76.5167,39,2020-01-01,2024-12-31,43848,35511,8337,80.993,80.987,80.993,80.987,4,43353;VOCI0;43354;43356,49.124;64.475;78.317;81.926
123,43271,Arogyavaram,13.5333,78.5,696,2020-01-01,2024-12-31,43848,35502,8346,80.968,80.966,80.971,80.966,2,VOBL0;43303,93.615;98.241
124,42851,Jalgaon,21.05,75.5667,200,2020-01-01,2024-12-31,43848,35496,8352,81.137,81.112,80.984,80.952,2,42849;42931,85.410;90.016
125,43207,Parangipettai,11.5,79.7667,3,2020-01-01,2024-12-31,43848,35482,8366,80.923,80.92,80.923,80.92,5,43329;43331;VOPC0;43346;43347,29.656;52.179;52.331;65.266;82.044
126,43357,Thrissur,10.5167,76.2167,40,2020-01-01,2024-12-31,43848,35480,8368,80.92,80.918,80.925,80.916,5,VOCI0;43335;43353;VOCL0;43314,45.332;54.909;63.251;74.629;94.278
127,42744,Vallabh Vidyanagar,22.5667,72.9333,41,2020-01-01,2024-12-31,43848,35479,8369,80.916,80.914,80.918,80.914,2,42748;42647,42.982;63.534
128,42546,Chittorgarh,24.8833,74.6333,404,2020-01-01,2024-12-31,43848,35479,8369,80.923,80.916,80.92,80.914,2,42447;VAUD0,51.895;80.087
129,42174,Pilani,28.3333,75.5833,300,2020-01-01,2024-12-31,43848,35479,8369,80.918,80.918,80.916,80.914,3,42170;42249;42131,65.922;91.116;93.817
130,42948,Rajnandgaon / R?j N?ndgaon,21.1,81.0333,329,2020-01-01,2024-12-31,43848,35478,8370,80.916,80.911,80.916,80.911,2,42872;42874,65.643;66.952
131,43069,Baramati,18.15,74.5833,550,2020-01-01,2024-12-31,43848,35469,8379,80.898,80.895,80.893,80.891,2,43063;43113,88.356;90.253
132,43021,Nanded,19.0833,77.3333,355,2020-01-01,2024-12-31,43848,35464,8384,82.825,82.813,80.889,80.879,2,43017;43081,62.905;93.023
133,42969,Angul,20.8333,85.1,137,2020-01-01,2024-12-31,43848,35463,8385,81.107,81.105,80.886,80.877,2,42970;42891,95.810;97.230
134,VOPC0,Pondicherry / Auroville,11.9687,79.8101,36,2020-01-01,2024-12-31,43848,35461,8387,80.873,80.873,80.873,80.873,3,43331;43329;43207,0.752;22.953;52.331
135,42970,Cuttack,20.4667,85.9333,27,2020-01-01,2024-12-31,43848,35457,8391,81.066,81.062,80.873,80.863,5,42971;43053;42976;42973;42969,26.254;75.127;80.342;90.391;95.810
136,43376,Palayankottai,8.7333,77.75,45,2020-01-01,2024-12-31,43848,35450,8398,80.847,80.847,80.85,80.847,4,43377;43371;43372;43354,77.332;92.242;92.817;96.235
137,42459,Shivpuri,25.3333,77.65,463,2020-01-01,2024-12-31,43848,35447,8401,80.841,80.841,80.843,80.841,2,42559;42463,83.074;94.647
138,42705,Purulia,23.3333,86.4167,254,2020-01-01,2024-12-31,43848,35442,8406,80.847,80.843,80.841,80.829,2,42798;VOND0,62.208;85.881
139,42900,Contai,21.7833,87.75,10,2020-01-01,2024-12-31,43848,35430,8418,80.836,80.825,80.818,80.802,2,42811;42895,64.275;89.461
140,42414,Chaparmukh,26.2,92.5167,64,2020-01-01,2024-12-31,43848,35406,8442,80.765,80.765,80.747,80.747,4,42415;42523;42408;42410,53.403;83.331;93.379;93.827
141,43356,Periakulum / Ellakkal,10.0,77.1333,300,2020-01-01,2024-12-31,43848,35396,8452,80.727,80.724,80.727,80.724,3,VOCI0;43355;43353,81.838;81.926;95.068
142,43058,Alibag,18.6333,72.8667,5,2020-01-01,2024-12-31,43848,35375,8473,80.686,80.679,80.681,80.676,4,43057;43003;43002;43109,30.119;53.780;53.866;94.086
143,42137,Karnal,29.7,77.0333,248,2020-01-01,2024-12-31,43848,35365,8483,80.656,80.656,80.656,80.654,3,42103;42101;42139,80.196;89.078;95.677
144,43200,Dharwad,15.4833,74.9833,678,2020-01-01,2024-12-31,43848,35247,8601,81.009,81.003,80.389,80.385,3,43198;43197;43201,56.596;63.117;70.057
145,42562,Tikamgarh,24.7667,78.8333,344,2020-01-01,2024-12-31,43848,35241,8607,80.391,80.391,80.375,80.371,2,42467;42463,70.573;80.041
146,VISM0,Shimla / Kanda,31.0818,77.068,1546,2020-01-01,2024-12-31,43848,35218,8630,80.321,80.321,80.318,80.318,3,42080;42105;42103,42.517;42.570;82.837
147,VOPB0,Port Blair / Portblair / Austin?b?d,11.6412,92.7297,4,2020-01-01,2024-12-31,43848,35206,8642,80.293,80.293,80.296,80.291,2,43333;43310,3.169;89.029
148,42408,Rangia,26.4333,91.6167,57,2020-01-01,2024-12-31,43848,35193,8655,80.273,80.261,80.273,80.261,2,42410;42414,37.211;93.379
149,42711,Krishnanagar,23.4,88.5167,12,2020-01-01,2024-12-31,43848,35188,8660,80.289,80.286,80.255,80.25,3,42809;42603;42807,83.675;85.416;98.185
150,43158,Sangli,16.85,74.6,545,2020-01-01,2024-12-31,43848,35181,8667,80.243,80.241,80.245,80.234,2,43157;43113,42.454;94.390
151,43150,Cwc Vishakhapatnam / Waltair,17.7,83.3,45,2020-01-01,2024-12-31,43848,35105,8743,80.061,80.061,80.061,80.061,2,VOVZ0;43147,7.305;88.538
