rank,station_id,station_name,latitude,longitude,elevation,window_start,window_end,expected_hours,complete_hours,missing_hours,temp_pct,rhum_pct,pres_pct,complete_pct,buddy_count_100km,buddy_station_ids,buddy_distances_km,aws_id,aws_name,aws_type,distance_km,tph_ok,buddy_count_in_judge48
1,43003,Bombay / Santacruz,19.1167,72.85,8,2020-01-01,2024-12-31,43848,43848,0,100.0,100.0,100.0,100.0,5,43002;43057;43058;43005;43001,1.755;24.349;53.780;89.371;95.542,B489804E,MUMBAI_SANTA_CRUZ,AWS,1.982,False,3
2,43057,Bombay / Colaba,18.9,72.8167,10,2020-01-01,2024-12-31,43848,43848,0,100.0,100.0,100.0,100.0,4,43002;43003;43058;43005,24.159;24.349;30.119;90.241,B489A6A2,MUMBAI_COLABA,AWS,0.453,False,3
3,42182,New Delhi / Safdarjung,28.5833,77.2,211,2020-01-01,2024-12-31,43848,43848,0,100.0,100.0,100.0,100.0,2,42181;42139,8.341;64.071,55FDD400,SAFDARJUNG,ARG,1.631,False,0
4,43371,Thiruvananthapuram,8.4833,76.95,60,2020-01-01,2024-12-31,43848,43848,0,100.0,100.0,100.0,100.0,4,43372;43354;43377;43376,1.846;57.571;75.106;92.242,55CDE7EA,AIRPORT(CHAKKA),ARG,1.812,False,3
5,42809,Calcutta / Dum Dum,22.65,88.45,4,2020-01-01,2024-12-31,43848,43847,1,100.0,99.998,100.0,99.998,4,42807;42812;42811;42711,17.661;49.742;57.909;83.675,B4899338,KOLKATA AIRPORT,AWS,1.857,True,1
6,43372,Thiruvananthapuram,8.4667,76.95,4,2020-01-01,2024-12-31,43848,43847,1,100.0,99.998,100.0,99.998,4,43371;43354;43377;43376,1.846;59.413;74.029;92.817,B489C344,THIRUVANANTHAPURAM,AWS,0.0,True,3
7,43279,Madras / Minambakkam,13.0,80.1833,10,2020-01-01,2024-12-31,43848,43847,1,100.0,99.998,100.0,99.998,3,43278;43275;VOTP0,10.355;98.540;98.702,A0B3A08C,MEENAMBAKKAM_ISRO,AWS,1.969,True,1
8,43128,Hyderabad Airport,17.45,78.4667,530,2020-01-01,2024-12-31,43848,42945,903,97.982,97.982,97.941,97.941,2,VOHS0;43083,23.627;69.998,B48A64B2,HYDERABAD,AWS,3.346,True,0
9,42410,Gauhati,26.1,91.5833,47,2020-01-01,2024-12-31,43848,42692,1156,97.89,97.847,97.412,97.364,3,42408;42414;42407,37.211;93.827;95.281,ASKMK000,KAMAKHYA,ARG,0.746,False,0
10,42314,Dibrugarh / Mohanbari,27.4833,95.0167,110,2020-01-01,2024-12-31,43848,40765,3083,93.268,93.265,92.973,92.969,2,42220;42309,77.478;93.128,ASLAO000,LAHOWAL,ARG,3.244,False,0
11,VASU0,Surat / Magdala,21.1141,72.7418,5,2020-01-01,2024-12-31,43848,39727,4121,90.604,90.604,90.736,90.602,3,42840;42838;42837,13.464;90.248;99.494,A0A53C6C,SURAT,AWS,3.421,False,1
12,43002,Bombay / Juhu,19.1167,72.8333,4,2020-01-01,2024-12-31,43848,38701,5147,88.266,88.264,88.271,88.262,5,43003;43057;43058;43005;43001,1.755;24.159;53.866;87.618;95.302,MAJUH000,JUHU_AIRPORT,ARG,2.081,False,3
13,42840,Surat,21.2,72.8333,10,2020-01-01,2024-12-31,43848,37802,6046,86.225,86.221,86.216,86.211,2,VASU0;42838,13.464;89.635,GUATH000,SURAT_KVK,AGRO,4.758,False,1
14,42634,Bhuj-Rudramata,23.25,69.6667,78,2020-01-01,2024-12-31,43848,37802,6046,86.239,86.227,86.225,86.211,3,42638;42639;42631,47.317;62.738;83.438,AAAD0DD6,BHUJ,AWS,0.0,False,0
15,43189,Kakinada,16.95,82.2333,2,2020-01-01,2024-12-31,43848,37796,6052,86.2,86.2,86.198,86.198,2,VORY0;43147,47.601;55.773,55FCD828,KAKINADA,ARG,1.166,False,0
16,43192,Goa / Panjim,15.4833,73.8167,58,2020-01-01,2024-12-31,43848,37794,6054,86.193,86.193,86.193,86.193,5,43196;43194;43225;43197;43198,8.225;11.120;84.932;86.884;94.862,GOPDN000,ALTINHO_IMDOFFICE,AWS,1.329,True,0
17,42874,Pbo Raipur,21.2167,81.6667,294,2020-01-01,2024-12-31,43848,37794,6054,86.221,86.214,86.198,86.193,2,42872;42948,2.531;66.952,B489D032,RAIPUR,AWS,0.936,False,2
18,43333,Port Blair,11.6667,92.7167,73,2020-01-01,2024-12-31,43848,37789,6059,86.182,86.182,86.182,86.182,2,VOPB0;43310,3.169;86.659,5618D4AC,SHAHEED_DWEEP,AWS,3.113,True,1
19,43110,Ratnagiri,16.9833,73.3333,75,2020-01-01,2024-12-31,43848,37784,6064,86.175,86.175,86.173,86.17,2,43109;43113,95.919;96.490,MARTI000,RATNAGIRI_AWS400,AWS,0.587,True,0
20,43331,M.O. Pondicherry / Puducherry,11.9667,79.8167,38,2020-01-01,2024-12-31,43848,37763,6085,86.125,86.125,86.134,86.123,3,VOPC0;43329;43207,0.752;22.895;52.179,AAACA106,PUDUCHERRY,AWS,1.991,True,1
21,43348,Atiramapattinam,10.3333,79.3833,4,2020-01-01,2024-12-31,43848,37741,6107,86.093,86.075,86.097,86.072,4,43347;43361;43346;43344,70.180;76.940;81.406;87.364,AAACAFD4,ADIRAMAPATTINAM,AWS,3.019,False,1
22,42807,Calcutta / Alipore,22.5333,88.3333,5,2020-01-01,2024-12-31,43848,37741,6107,86.097,86.093,86.097,86.072,4,42809;42811;42812;42711,17.661;41.262;46.554;98.185,WBNTE000,OHR_10,ARG,0.362,False,1
23,43353,Cochin / Willingdon,9.95,76.2667,1,2020-01-01,2024-12-31,43848,37687,6161,85.979,85.967,85.988,85.949,4,VOCI0;43355;43357;43356,26.901;49.124;63.251;95.068,55CE4ECE,PALLURUTHY,ARG,2.672,False,1
24,43347,Nagappattinam,10.7667,79.85,2,2020-01-01,2024-12-31,43848,37463,6385,85.447,85.438,85.461,85.438,3,43346;43348;43207,16.779;70.180;82.044,TNMOP000,MO_NAGAPATTINAM_CAMPUS,AWS,1.155,True,1
25,43278,Madras,13.0667,80.25,6,2020-01-01,2024-12-31,43848,37018,6830,84.437,84.433,84.437,84.423,3,43279;43275;VOTP0,10.355;98.251;99.015,TNACS000,ACS MEDICAL COLLEGE,ARG,0.366,False,1
26,42148,Pantnagar,29.0333,79.4667,233,2020-01-01,2024-12-31,43848,36315,7533,82.838,82.838,82.82,82.82,2,42146;42189,40.775;74.408,A0A77A92,PANTNAGAR_AMFU,AWS,1.965,False,0
27,VIDN0,Dehradun / R?ni Pokhri,30.1897,78.1803,558,2020-01-01,2024-12-31,43848,36314,7534,82.825,82.825,82.832,82.818,2,42111;42143,19.970;66.652,A0A77440,JOLLYGRANT,AWS,0.044,True,0
28,42372,Fursatganj / R?e Bareli,26.25,81.3667,107,2020-01-01,2024-12-31,43848,36293,7555,83.046,83.044,82.772,82.77,3,42369;42475;42367,73.519;96.223;97.777,A0ACC466,FURSATGANJ,AWS,1.018,True,0
29,42618,Kailashahar,24.3167,92.0,27,2020-01-01,2024-12-31,43848,35894,7954,82.914,82.911,81.86,81.86,2,VELP0;42724,82.222;90.098,TRKIH000,KAILASHAHAR,AWS,1.048,True,0
30,42914,Diu,20.7167,70.9167,10,2020-01-01,2024-12-31,43848,35593,8255,81.393,81.393,81.174,81.174,2,42909;42837,60.693;98.821,AAADD56C,DIU,AWS,0.367,False,0
31,42872,Mana / Raipur,21.2333,81.65,313,2020-01-01,2024-12-31,43848,35592,8256,81.174,81.171,81.174,81.171,2,42874;42948,2.531;65.643,B489D032,RAIPUR,AWS,2.62,False,2
32,42523,Lumding,25.75,93.1833,147,2020-01-01,2024-12-31,43848,35576,8272,81.135,81.135,81.135,81.135,3,VEMR0;42522;42414,60.481;66.982;83.331,ASLUM000,LUMDING,ARG,0.541,False,0
33,43302,Tiruppattur,12.4833,78.5667,385,2020-01-01,2024-12-31,43848,35554,8294,81.085,81.085,81.085,81.085,2,43301;43303,69.804;79.536,TNTIP000,TIRUPATTUR_COLLECTOROFFICE,AWS,1.88,False,0
34,42266,Shahjahanpur,27.8833,79.9,155,2020-01-01,2024-12-31,43848,35552,8296,81.082,81.08,81.085,81.08,2,42271;42189,61.493;72.756,UPSJH000,SHAHJAHANPUR,AWS,3.895,True,1
35,42271,Hardoi,27.3833,80.1667,141,2020-01-01,2024-12-31,43848,35549,8299,81.087,81.078,81.082,81.073,2,42266;42369,61.493;99.968,UPHDO000,HARDOI,AWS,4.222,True,1
36,43335,Palakkad,10.7667,76.65,95,2020-01-01,2024-12-31,43848,35541,8307,81.055,81.055,81.055,81.055,4,43321;43357;VOCI0;VOCL0,52.786;54.909;73.539;86.286,A0AD53FE,MANKARA,AWS,3.656,True,0
37,42249,Sikar,27.6167,75.1333,431,2020-01-01,2024-12-31,43848,35522,8326,81.023,81.019,81.023,81.012,2,42170;42174,73.564;91.116,A0A88256,SIKAR,AWS,4.094,True,1
38,43354,Punalur,9.0,76.9167,33,2020-01-01,2024-12-31,43848,35514,8334,80.993,80.993,80.996,80.993,4,43371;43372;43355;43376,57.571;59.413;78.317;96.235,KEPUN000,PUNALUR,AWS,3.276,True,4
39,43355,Kottayam,9.5833,76.5167,39,2020-01-01,2024-12-31,43848,35511,8337,80.993,80.987,80.993,80.987,4,43353;VOCI0;43354;43356,49.124;64.475;78.317;81.926,KEKOY000,KOTTAYAM,AWS,1.102,True,2
40,42851,Jalgaon,21.05,75.5667,200,2020-01-01,2024-12-31,43848,35496,8352,81.137,81.112,80.984,80.952,2,42849;42931,85.410;90.016,A0A44806,JALGAON,AWS,4.188,False,0
41,42546,Chittorgarh,24.8833,74.6333,404,2020-01-01,2024-12-31,43848,35479,8369,80.923,80.916,80.92,80.914,2,42447;VAUD0,51.895;80.087,A0A7DA6A,CHITTAURGARH,AWS,2.995,False,0
42,42174,Pilani,28.3333,75.5833,300,2020-01-01,2024-12-31,43848,35479,8369,80.918,80.918,80.916,80.914,3,42170;42249;42131,65.922;91.116;93.817,A0A861A4,PILANI,AWS,0.323,False,1
43,42948,Rajnandgaon / R?j N?ndgaon,21.1,81.0333,329,2020-01-01,2024-12-31,43848,35478,8370,80.916,80.911,80.916,80.911,2,42872;42874,65.643;66.952,A0A95816,RAJNANDGAON,AWS,0.106,True,2
44,VOPC0,Pondicherry / Auroville,11.9687,79.8101,36,2020-01-01,2024-12-31,43848,35461,8387,80.873,80.873,80.873,80.873,3,43331;43329;43207,0.752;22.953;52.331,AAACA106,PUDUCHERRY,AWS,2.614,True,1
45,43376,Palayankottai,8.7333,77.75,45,2020-01-01,2024-12-31,43848,35450,8398,80.847,80.847,80.85,80.847,4,43377;43371;43372;43354,77.332;92.242;92.817;96.235,A0A67868,TIRUNELVELI,AWS,4.406,True,3
46,43058,Alibag,18.6333,72.8667,5,2020-01-01,2024-12-31,43848,35375,8473,80.686,80.679,80.681,80.676,4,43057;43003;43002;43109,30.119;53.780;53.866;94.086,MAALE000,IIG_MO_ALIBAG,AWS,1.271,True,3
47,42137,Karnal,29.7,77.0333,248,2020-01-01,2024-12-31,43848,35365,8483,80.656,80.656,80.656,80.654,3,42103;42101;42139,80.196;89.078;95.677,A0A18AD8,UCHANI,AWS,3.911,False,0
48,VOPB0,Port Blair / Portblair / Austin?b?d,11.6412,92.7297,4,2020-01-01,2024-12-31,43848,35206,8642,80.293,80.293,80.296,80.291,2,43333;43310,3.169;89.029,5618D4AC,SHAHEED_DWEEP,AWS,2.223,True,1
